event_message,event_type,function_id,id,level,timestamp
booted (time: 24ms),Boot,95847db9-946c-4322-b0f8-12f4c253b79f,6fa6feb2-0fd4-400e-8f4b-2e05fea0764f,log,1761333541473000
booted (time: 22ms),Boot,95847db9-946c-4322-b0f8-12f4c253b79f,058ceb40-221f-465c-a96a-aeb1870da314,log,1761333529950000
booted (time: 22ms),Boot,95847db9-946c-4322-b0f8-12f4c253b79f,d2d693de-2e8f-4204-bf01-40f21c02df12,log,1761333529950000
shutdown,Shutdown,95847db9-946c-4322-b0f8-12f4c253b79f,16366bdd-f3ea-484a-9662-ac6bbc3310dd,log,1761333501325000
booted (time: 21ms),Boot,95847db9-946c-4322-b0f8-12f4c253b79f,daecd576-005a-414f-85b9-7949055e049f,log,1761333496067000
shutdown,Shutdown,95847db9-946c-4322-b0f8-12f4c253b79f,21b26383-20de-4b3a-ba3d-45363fe6824b,log,1761333491025000
shutdown,Shutdown,95847db9-946c-4322-b0f8-12f4c253b79f,1f67b7a9-a7c0-4c41-94ee-b42bcfa4e106,log,1761333411593000
shutdown,Shutdown,95847db9-946c-4322-b0f8-12f4c253b79f,42e19cc6-9f92-4530-91e7-8eaa6f7121b5,log,1761333405246000
booted (time: 27ms),Boot,95847db9-946c-4322-b0f8-12f4c253b79f,f2a144fe-bce0-4831-a307-1d8845e4ac1f,log,1761333301306000
booted (time: 21ms),Boot,95847db9-946c-4322-b0f8-12f4c253b79f,fc0f21e4-b6ea-4e56-96da-e824a70f5aa9,log,1761333291007000
booted (time: 22ms),Boot,95847db9-946c-4322-b0f8-12f4c253b79f,94f04234-98ed-426b-81c5-2a1f44a8716d,log,1761333205230000